{"selectedBackground":{"saturation":0.27659574468085113,"value":0.1843137254901961,"hue":0.8205128205128204,"alpha":1},"background":{"value":0.10588235294117647,"saturation":0.037037037037037035,"hue":0,"alpha":1},"selectedText":{"alpha":1,"saturation":0.6653386454183267,"value":0.984313725490196,"hue":0.10079840319361277},"primary":{"value":0,"hue":0,"alpha":1,"saturation":0},"highlightText":{"alpha":1,"saturation":0,"value":0,"hue":0},"secondaryBackground":{"value":0.10588235294117647,"saturation":0.037037037037037035,"hue":0,"alpha":1},"secondaryButton":{"alpha":1,"value":0.10588235294117647,"hue":0,"saturation":0.037037037037037035},"primaryButton":{"saturation":0.6653386454183267,"value":0.984313725490196,"hue":0.10079840319361277,"alpha":1},"emphasizedBackground":{"alpha":1,"saturation":0.6653386454183267,"value":0.984313725490196,"hue":0.10079840319361277},"canvasBackground":{"alpha":1,"hue":0.7333333333333333,"value":0.1607843137254902,"saturation":0.1219512195121952},"secondaryText":{"alpha":1,"value":1,"saturation":0,"hue":0},"highlightBackground":{"saturation":0,"value":1,"hue":0,"alpha":1},"primaryText":{"hue":0,"alpha":1,"saturation":0,"value":0.984313725490196},"secondary":{"saturation":0.037037037037037035,"value":0.10588235294117647,"alpha":1,"hue":0}}